{"cameraMode":{"drawMode":0,"name":"Shaded","section":"Shading Mode"},"sceneLighting":true,"audioPlay":false,"sceneViewState":{"showFog":true,"showMaterialUpdate":true,"showSkybox":true,"showFlares":true,"showImageEffects":true,"showParticleSystems":true},"in2DMode":false,"pivot":{"x":0.17324095964431764,"y":3.7538599967956545,"z":1.7941334247589112},"rotation":{"x":0.01048080064356327,"y":-0.05996106192469597,"z":-0.000629630871117115,"w":-0.9981455206871033},"size":12.211750984191895,"orthographic":false}